-- Create life_manager database -- 
DROP DATABASE IF EXISTS life_manager;
CREATE DATABASE life_manager;
USE life_manager;

CREATE TABLE users (
    email varchar (50) NOT NULL,
    password varchar (50) NOT NULL,
    PRIMARY KEY (email)
);

-- Obvious placeholder password.
INSERT INTO users VALUES
('tannerwatmough@gmail.com', 'password');

CREATE TABLE categories (
    categoryId int NOT NULL AUTO_INCREMENT,
    name varchar (50) NOT NULL,
    info varchar (255) NULL,
    PRIMARY KEY (categoryId)
);

INSERT INTO categories VALUES
(1, 'Morning Routine', NULL),
(2, 'Learning Routine', 'Daily Learning'),
(3, 'Health Routine', 'Daily Health'),
(4, 'Cleaning Routine', 'Daily Cleaning'),
(5, 'Night Routine', NULL),
(6, 'Environment', 'Home, cleaning, maintenance'),
(7, 'Health', 'Mental, physical, nutritional, spiritual'),
(8, 'Relationships', 'Social, romantic, family, people, the community'),
(9, 'Life Management', 'Finances, goals, time management, life admin'),
(10, 'Career', 'Entrepreneurship and work'),
(11, 'Growth', 'Learning, skills, experiences, recreation'),
(12, 'Spring Maintenance', 'Spring Cleaning'),
(13, 'Summer Maintenance', NULL),
(14, 'Fall Maintenance', NULL),
(15, 'Winter Maintenance', NULL),
(16, 'Quarterly Tasks', 'Occurs every maintenance cycle.');




CREATE TABLE dailyHabit (
    dailyId int NOT NULL AUTO_INCREMENT,
    email varchar(50) NOT NULL,
    name varchar (50) NOT NULL,
    category int NOT NULL,
    info varchar (255) NULL,
    currStreak int NOT NULL,
    maxStreak int NOT NULL, 
    startDate datetime NOT NULL,
    lastDate datetime NULL,
    PRIMARY KEY (dailyId),
    FOREIGN KEY (email) REFERENCES users(email),
    FOREIGN KEY (category) REFERENCES categories(categoryId)
);

INSERT INTO dailyHabit VALUES
(1, 'tannerwatmough@gmail.com', 'Make Bed', 1, '', 0, 0, '2023-09-25', NULL),
(2, 'tannerwatmough@gmail.com', 'Glass of Water', 1, '', 0, 0, '2023-09-25', NULL),
(3, 'tannerwatmough@gmail.com', 'Dental Care', 1, 'Brush and Mouthwash', 0, 0, '2023-09-25', NULL),
(4, 'tannerwatmough@gmail.com', 'Cold Shower', 1, '', 0, 0, '2023-09-25', NULL),
(5, 'tannerwatmough@gmail.com', 'Skin Care', 1, '', 0, 0, '2023-09-25', NULL),
(6, 'tannerwatmough@gmail.com', 'Track Weight', 1, 'Track on website.', 0, 0, '2023-09-25', NULL),
(7, 'tannerwatmough@gmail.com', 'Selfie', 1, '', 0, 0, '2023-09-25', NULL),
(8, 'tannerwatmough@gmail.com', 'Three Daily Quests', 1, 'One priority task that must be done', 0, 0, '2023-09-25', NULL),
(9, 'tannerwatmough@gmail.com', 'Art', 2, 'Drawing. Post to website or Instagram', 0, 0, '2023-09-25', NULL),
(10, 'tannerwatmough@gmail.com', 'Code', 2, 'GitHub Commits', 0, 0, '2023-09-25', NULL),
(11, 'tannerwatmough@gmail.com', 'Writing', 2, '200 words per day. Post to website.', 0, 0, '2023-09-25', NULL),
(12, 'tannerwatmough@gmail.com', 'Reading', 2, 'Non-Fiction Reading. Summary when done.', 0, 0, '2023-09-25', NULL),
(13, 'tannerwatmough@gmail.com', 'Languages', 2, 'French. Duolingo.', 0, 0, '2023-09-25', NULL),
(14, 'tannerwatmough@gmail.com', 'Music', 2, 'Guitar. Periodic videos to website or Instagram', 0, 0, '2023-09-25', NULL),
(15, 'tannerwatmough@gmail.com', 'Photography', 2, 'Website or Instagram.', 0, 0, '2023-09-25', NULL),
(16, 'tannerwatmough@gmail.com', 'Bucket List', 2, 'Video or photos of cool ones', 0, 0, '2023-09-25', NULL),
(17, 'tannerwatmough@gmail.com', 'Gaming', 2, 'Stream or record it.', 0, 0, '2023-09-25', NULL),
(18, 'tannerwatmough@gmail.com', 'Movie', 2, 'Summary on website', 0, 0, '2023-09-25', NULL),
(19, 'tannerwatmough@gmail.com', 'Digital Cleanup', 2, 'Notion, Bookmarks, YouTube playlist', 0, 0, '2023-09-25', NULL),
(20, 'tannerwatmough@gmail.com', 'Cooking', 2, 'One new meals a week', 0, 0, '2023-09-25', NULL),
(21, 'tannerwatmough@gmail.com', 'Coursework', 2, 'University, Professional Development, and Interests', 0, 0, '2023-09-25', NULL),
(22, 'tannerwatmough@gmail.com', 'Dog Walks', 3, '1 Hour of Walking', 0, 0, '2023-09-25', NULL),
(23, 'tannerwatmough@gmail.com', 'Outside Time', 3, '15 Minutes', 0, 0, '2023-09-25', NULL),
(24, 'tannerwatmough@gmail.com', 'Food Tracking', 3, 'Chronometer - <1800 kCal', 0, 0, '2023-09-25', NULL),
(25, 'tannerwatmough@gmail.com', 'Fasting', 3, '12pm to 8pm', 0, 0, '2023-09-25', NULL),
(26, 'tannerwatmough@gmail.com', 'Water', 3, '2L to 4L', 0, 0, '2023-09-25', NULL),
(27, 'tannerwatmough@gmail.com', 'Clean Eating', 3, 'Avoid junk food', 0, 0, '2023-09-25', NULL),
(28, 'tannerwatmough@gmail.com', 'Posture', 3, 'Sit up straight', 0, 0, '2023-09-25', NULL),
(29, 'tannerwatmough@gmail.com', 'Vitamins', 3, 'Vitamin D and Omega 3', 0, 0, '2023-09-25', NULL),
(30, 'tannerwatmough@gmail.com', 'Exercise', 3, 'M/W/F Lift, Tu/Th/Sa Run. Track on website.', 0, 0, '2023-09-25', NULL),
(31, 'tannerwatmough@gmail.com', 'Change Towels', 4, 'Every other day', 0, 0, '2023-09-25', NULL),
(32, 'tannerwatmough@gmail.com', 'Take Out Garbage', 4, '', 0, 0, '2023-09-25', NULL),
(33, 'tannerwatmough@gmail.com', 'Tidy All Rooms', 4, '', 0, 0, '2023-09-25', NULL),
(34, 'tannerwatmough@gmail.com', 'Wash Dishes', 4, '', 0, 0, '2023-09-25', NULL),
(35, 'tannerwatmough@gmail.com', 'Deal with Mail', 4, '', 0, 0, '2023-09-25', NULL),
(36, 'tannerwatmough@gmail.com', 'Wipe Down Stove', 4, '', 0, 0, '2023-09-25', NULL),
(37, 'tannerwatmough@gmail.com', 'Sweep All Rooms', 4, '', 0, 0, '2023-09-25', NULL),
(38, 'tannerwatmough@gmail.com', 'Wipe Down Bathtub', 4, '', 0, 0, '2023-09-25', NULL),
(39, 'tannerwatmough@gmail.com', 'Clean Toilet', 4, '', 0, 0, '2023-09-25', NULL),
(40, 'tannerwatmough@gmail.com', 'Clean Cutting Board', 4, '1:1 Vinegar/Water Mix', 0, 0, '2023-09-25', NULL),
(41, 'tannerwatmough@gmail.com', 'Clean Mirrors', 4, '', 0, 0, '2023-09-25', NULL),
(42, 'tannerwatmough@gmail.com', 'Disinfect Kitchen', 4, 'Counter tops, Back splash, Sink', 0, 0, '2023-09-25', NULL),
(43, 'tannerwatmough@gmail.com', 'Wipe Shower Screen', 4, '', 0, 0, '2023-09-25', NULL),
(44, 'tannerwatmough@gmail.com', 'Wipe Down Tables', 4, 'Dining and coffee tables', 0, 0, '2023-09-25', NULL),
(45, 'tannerwatmough@gmail.com', 'Wipe Down Bathroom', 4, 'Sink and counter tops', 0, 0, '2023-09-25', NULL),
(46, 'tannerwatmough@gmail.com', 'Shower', 5, '', 0, 0, '2023-09-25', NULL),
(47, 'tannerwatmough@gmail.com', 'Skin Care', 5, '', 0, 0, '2023-09-25', NULL),
(48, 'tannerwatmough@gmail.com', 'Evening Tea', 5, '', 0, 0, '2023-09-25', NULL),
(49, 'tannerwatmough@gmail.com', 'Journal', 5, 'Write about your day', 0, 0, '2023-09-25', NULL),
(50, 'tannerwatmough@gmail.com', 'Dental Care', 5, 'Floss and Brush', 0, 0, '2023-09-25', NULL),
(51, 'tannerwatmough@gmail.com', 'Meditate', 5, '10 Minutes', 0, 0, '2023-09-25', NULL),
(52, 'tannerwatmough@gmail.com', 'Bedtime', 5, 'Between 11pm and 12am', 0, 0, '2023-09-25', NULL),
(53, 'tannerwatmough@gmail.com', 'Reading', 5, 'Fiction Reading. Summary when done.', 0, 0, '2023-09-25', NULL),
(54, 'tannerwatmough@gmail.com', 'Input Spending', 2, 'Buckets App.', 0, 0, '2023-09-25', NULL);

CREATE TABLE weeklyTask (
    weeklyId int NOT NULL AUTO_INCREMENT,
    email varchar(50) NOT NULL,
    name varchar (50) NOT NULL,
    category int NOT NULL, 
    info varchar (255) NULL,
    currStreak int NOT NULL,
    maxStreak int NOT NULL, 
    startDate datetime NOT NULL,
    lastDate datetime NULL,
    PRIMARY KEY (weeklyId),
    FOREIGN KEY (email) REFERENCES users(email),
    FOREIGN KEY (category) REFERENCES categories(categoryId)
);

INSERT INTO weeklyTask VALUES
(1, 'tannerwatmough@gmail.com', 'Podcast', 11, 'Summary on website', 0, 0, '2023-09-25', NULL),
(2, 'tannerwatmough@gmail.com', 'Wash Car', 6, 'Every two weeks', 0, 0, '2023-09-25', NULL),
(3, 'tannerwatmough@gmail.com', 'Wash Dish Brush', 6, '', 0, 0, '2023-09-25', NULL),
(4, 'tannerwatmough@gmail.com', 'Scrub sinks and drains', 6, '', 0, 0, '2023-09-25', NULL),
(5, 'tannerwatmough@gmail.com', 'Dust', 6, 'All surfaces', 0, 0, '2023-09-25', NULL),
(6, 'tannerwatmough@gmail.com', 'Wipe Kitchen', 6, 'Cabinets, appliances, inside Microwave too', 0, 0, '2023-09-25', NULL),
(7, 'tannerwatmough@gmail.com', 'Scrub Bathroom', 6, 'Mirrors, Showers, Toilets', 0, 0, '2023-09-25', NULL),
(8, 'tannerwatmough@gmail.com', 'Wash floors', 6, '', 0, 0, '2023-09-25', NULL),
(9, 'tannerwatmough@gmail.com','Vacuum', 6, '', 0, 0, '2023-09-25', NULL),
(10,'tannerwatmough@gmail.com', 'Throw out spoiled food', 6, '', 0, 0, '2023-09-25', NULL),
(11,'tannerwatmough@gmail.com', 'Do laundry', 6, 'Include high traffic rugs', 0, 0, '2023-09-25', NULL),
(12, 'tannerwatmough@gmail.com', 'Disinfect Shower Curtain', 6, 'And the liner.', 0, 0, '2023-09-25', NULL),
(13, 'tannerwatmough@gmail.com', 'Wipe Electronics', 6, 'Phone, keyboard, mouse, monitor, TV, and computer', 0, 0, '2023-09-25', NULL),
(14, 'tannerwatmough@gmail.com', 'Mow lawn', 6, 'Every two weeks when applicable', 0, 0, '2023-09-25', NULL),
(15, 'tannerwatmough@gmail.com', 'Dig Weeds', 6, 'Every two weeks when applicable', 0, 0, '2023-09-25', NULL),
(16, 'tannerwatmough@gmail.com', 'Water Plants', 6, 'Do it early and do a lot', 0, 0, '2023-09-25', NULL),
(17, 'tannerwatmough@gmail.com', 'Hone Blades', 6, '', 0, 0, '2023-09-25', NULL),
(18, 'tannerwatmough@gmail.com', 'Wipe and Organize Fridge', 6, 'Fridge shelves', 0, 0, '2023-09-25', NULL),
(19, 'tannerwatmough@gmail.com', 'Wipe Furniture', 6, '', 0, 0, '2023-09-25', NULL),
(20, 'tannerwatmough@gmail.com', 'Degrease Stove and Oven', 6, '', 0, 0, '2023-09-25', NULL),
(21, 'tannerwatmough@gmail.com', 'Clean Inside Cabinets', 6, '', 0, 0, '2023-09-25', NULL),
(22, 'tannerwatmough@gmail.com', 'Disinfect Bathroom', 6, 'Faucets and Door Knobs', 0, 0, '2023-09-25', NULL),
(23, 'tannerwatmough@gmail.com', 'Save $200', 9, 'For $10k in a year', 0, 0, '2023-09-25', NULL),
(24, 'tannerwatmough@gmail.com', 'Pay off Debt', 9, 'Credit cards, LOC, then loans', 0, 0, '2023-09-25', NULL),
(25, 'tannerwatmough@gmail.com', 'Sunday Budget Review', 9, 'Aiming for 50% Savings Rate', 0, 0, '2023-09-25', NULL),
(26, 'tannerwatmough@gmail.com', 'Take Out Trash', 6, 'Mondays', 0, 0, '2023-09-25', NULL),
(27, 'tannerwatmough@gmail.com', 'Plan a date night', 8, '', 0, 0, '2023-09-25', NULL),
(28, 'tannerwatmough@gmail.com', 'Family Meeting', 8, 'Appreciation, plans, to-dos, big issues', 0, 0, '2023-09-25', NULL),
(29, 'tannerwatmough@gmail.com', 'Clip Nails', 7, '', 0, 0, '2023-09-25', NULL),
(30, 'tannerwatmough@gmail.com', 'Shave', 7, '', 0, 0, '2023-09-25', NULL),
(31, 'tannerwatmough@gmail.com', 'Meatless Mondays', 7, '', 0, 0, '2023-09-25', NULL),
(32, 'tannerwatmough@gmail.com', 'Meal Prep', 7, '', 0, 0, '2023-09-25', NULL),
(33, 'tannerwatmough@gmail.com', 'Entrepreneurship', 10, 'One video (Gaming, Skill, Challenge), one blog, one Instagram post', 0, 0, '2023-09-25', NULL),
(34, 'tannerwatmough@gmail.com', 'Goals and Schedule', 9, 'Weekly goals and schedule. Update collections', 0, 0, '2023-09-25', NULL);


CREATE TABLE monthlyTask (
    monthlyId int NOT NULL AUTO_INCREMENT,
    email varchar(50) NOT NULL,
    name varchar (50) NOT NULL,
    category int NOT NULL, 
    info varchar (255) NULL,
    currStreak int NOT NULL,
    maxStreak int NOT NULL, 
    startDate datetime NOT NULL,
    lastDate datetime NULL,
    PRIMARY KEY (monthlyId),
    FOREIGN KEY (email) REFERENCES users(email),
    FOREIGN KEY (category) REFERENCES categories(categoryId)
);

INSERT INTO monthlyTask VALUES
(1, 'tannerwatmough@gmail.com', 'Do a 5k', 7, 'Track on website', 0, 0, '2023-09-25', NULL),
(2, 'tannerwatmough@gmail.com', 'Resume Project', 10, 'Project ideas listed elsewhere. Deploy to website. Companion blog.', 0, 0, '2023-09-25', NULL),
(3, 'tannerwatmough@gmail.com', 'Body Measurements', 7, 'Track on website.', 0, 0, '2023-09-25', NULL),
(4, 'tannerwatmough@gmail.com', 'Watch a Documentary', 11, 'Website summary.', 0, 0, '2023-09-25', NULL),
(5, 'tannerwatmough@gmail.com', 'Creative Project', 11, 'Woodworking, Music, Art, Videos', 0, 0, '2023-09-25', NULL),
(6, 'tannerwatmough@gmail.com', 'Print Photographs', 6, 'For house or binder', 0, 0, '2023-09-25', NULL),
(7, 'tannerwatmough@gmail.com', 'Organize Photos', 6, '', 0, 0, '2023-09-25', NULL),
(8, 'tannerwatmough@gmail.com', 'Digital Clutter', 6, 'Organize and reduce. Including Computer Files', 0, 0, '2023-09-25', NULL),
(9, 'tannerwatmough@gmail.com', 'Audit Music Library', 6, '', 0, 0, '2023-09-25', NULL),
(10, 'tannerwatmough@gmail.com', 'Deep Clean Keyboard', 6, '', 0, 0, '2023-09-25', NULL),
(11, 'tannerwatmough@gmail.com', 'Empty Wallet', 6, '', 0, 0, '2023-09-25', NULL),
(12, 'tannerwatmough@gmail.com', 'Delete Unused Apps', 6, '', 0, 0, '2023-09-25', NULL),
(13, 'tannerwatmough@gmail.com', 'Deep Clean Couch', 6, '', 0, 0, '2023-09-25', NULL),
(14, 'tannerwatmough@gmail.com', 'Deep Clean Fridge', 6, '', 0, 0, '2023-09-25', NULL),
(15, 'tannerwatmough@gmail.com', 'Deep Clean Stove', 6, '', 0, 0, '2023-09-25', NULL),
(16, 'tannerwatmough@gmail.com', 'Clean Blinds/Curtains', 6, '', 0, 0, '2023-09-25', NULL),
(17, 'tannerwatmough@gmail.com', 'Vacuum Under Furniture', 6, 'Including Bed', 0, 0, '2023-09-25', NULL),
(18, 'tannerwatmough@gmail.com', 'Drawers and Closets', 6, 'Clean and organize', 0, 0, '2023-09-25', NULL),
(19, 'tannerwatmough@gmail.com', 'Vacuum Vents', 6, 'Heat registers, ducts, covers, dryer. Check outside to see if blocked', 0, 0, '2023-09-25', NULL),
(20, 'tannerwatmough@gmail.com', 'Deep Clean Appliances', 6, '', 0, 0, '2023-09-25', NULL),
(21, 'tannerwatmough@gmail.com', 'Clean Furniture', 6, '', 0, 0, '2023-09-25', NULL),
(22, 'tannerwatmough@gmail.com', 'Sweep and Mop Bathroom', 6, '', 0, 0, '2023-09-25', NULL),
(23, 'tannerwatmough@gmail.com', 'Blow Out Computer', 6, '', 0, 0, '2023-09-25', NULL),
(24, 'tannerwatmough@gmail.com', 'Clean Dishwasher Filter', 6, '', 0, 0, '2023-09-25', NULL),
(25, 'tannerwatmough@gmail.com', 'Clean Bins', 6, '', 0, 0, '2023-09-25', NULL),
(26, 'tannerwatmough@gmail.com', 'Clean Fixtures', 6, '', 0, 0, '2023-09-25', NULL),
(27, 'tannerwatmough@gmail.com', 'Clean Windows', 6, '', 0, 0, '2023-09-25', NULL),
(28, 'tannerwatmough@gmail.com', 'Wash Walls', 6, 'In High Traffic Areas', 0, 0, '2023-09-25', NULL),
(29, 'tannerwatmough@gmail.com', 'Reoil Wood Cutting Boards', 6, '', 0, 0, '2023-09-25', NULL),
(30, 'tannerwatmough@gmail.com', 'Barkeep Powder Stainless Steel', 6, '', 0, 0, '2023-09-25', NULL),
(31, 'tannerwatmough@gmail.com', 'Check AC Filter', 6, 'Clean if dirty', 0, 0, '2023-09-25', NULL),
(32, 'tannerwatmough@gmail.com', 'Launder Low Traffic Rugs', 6, '', 0, 0, '2023-09-25', NULL),
(33, 'tannerwatmough@gmail.com', 'Unclog Drains and Garbage Disposal', 6, 'Clean as well', 0, 0, '2023-09-25', NULL),
(34, 'tannerwatmough@gmail.com', 'Check Detectors', 6, 'Security, smoke, and carbon monoxide', 0, 0, '2023-09-25', NULL),
(35, 'tannerwatmough@gmail.com', 'Check Water Filters', 6, 'Change if needed. Fridge/sinks/ice maker', 0, 0, '2023-09-25', NULL),
(36, 'tannerwatmough@gmail.com', 'Clean Range Hood Filter', 6, '', 0, 0, '2023-09-25', NULL),
(37, 'tannerwatmough@gmail.com', 'Check HVAC Filter.', 6, 'Change every few months', 0, 0, '2023-09-25', NULL),
(38, 'tannerwatmough@gmail.com', 'Inspect Fire Extinguishers', 6, '', 0, 0, '2023-09-25', NULL),
(39, 'tannerwatmough@gmail.com', 'Wipe Down', 6, 'Door handles, light switches, surrounding wall space', 0, 0, '2023-09-25', NULL),
(40, 'tannerwatmough@gmail.com', 'Clean Humidifier', 6, '', 0, 0, '2023-09-25', NULL),
(41, 'tannerwatmough@gmail.com', 'Clean Dehumidifier', 6, 'If applicable.', 0, 0, '2023-09-25', NULL),
(42, 'tannerwatmough@gmail.com', 'Clean Doors', 6, 'Including frames', 0, 0, '2023-09-25', NULL),
(43, 'tannerwatmough@gmail.com', 'Clean Baseboards', 6, '', 0, 0, '2023-09-25', NULL),
(44, 'tannerwatmough@gmail.com', 'Clean Shower Heads and Faucets', 6, 'Remove sediment if applicable', 0, 0, '2023-09-25', NULL),
(45, 'tannerwatmough@gmail.com', 'Clean Washer and Dryer', 6, 'Inside and out, check dryer exhaust. Vinegar cycle.', 0, 0, '2023-09-25', NULL),
(46, 'tannerwatmough@gmail.com', 'Body Scan', 7, 'Just see if anything hurts, lumps, moles, etc.', 0, 0, '2023-09-25', NULL),
(47, 'tannerwatmough@gmail.com', 'Teste Check', 7, '', 0, 0, '2023-09-25', NULL),
(48, 'tannerwatmough@gmail.com', 'Haircut', 7, '', 0, 0, '2023-09-25', NULL),
(49, 'tannerwatmough@gmail.com', 'Tire Pressure and Wear', 6, '', 0, 0, '2023-09-25', NULL),
(50, 'tannerwatmough@gmail.com', 'Check Fluids', 6, 'Oil, Washer Fluid, Coolant Levels', 0, 0, '2023-09-25', NULL),
(51, 'tannerwatmough@gmail.com', 'Check Lights', 6, 'Headlights, signals, brakes, reverse lights', 0, 0, '2023-09-25', NULL),
(52, 'tannerwatmough@gmail.com', 'Check KM', 6, 'For next oil change', 0, 0, '2023-09-25', NULL),
(53, 'tannerwatmough@gmail.com', 'Make Loan Payments', 9, '', 0, 0, '2023-09-25', NULL),
(54, 'tannerwatmough@gmail.com', 'Pay Rent', 9, '', 0, 0, '2023-09-25', NULL),
(55, 'tannerwatmough@gmail.com', 'Pay Credit Cards', 9, '', 0, 0, '2023-09-25', NULL),
(56, 'tannerwatmough@gmail.com', 'Follow Personal Finance Chart', 9, '', 0, 0, '2023-09-25', NULL),
(57, 'tannerwatmough@gmail.com', 'Learning Topic', 11, 'Research topic you want to learn', 0, 0, '2023-09-25', NULL),
(58, 'tannerwatmough@gmail.com', 'Monthly Letter', 11, 'Next month, next year, 5 years, 10 years.', 0, 0, '2023-09-25', NULL),
(59, 'tannerwatmough@gmail.com', 'Goals and Schedule', 9, 'Monthly goals and schedule', 0, 0, '2023-09-25', NULL),
(60, 'tannerwatmough@gmail.com', 'File Backup', 9, 'Backup files and database to cloud.', 0, 0, '2023-09-25', NULL),
(61, 'tannerwatmough@gmail.com', 'Update Resume', 10, '', 0, 0, '2023-09-25', NULL),
(62, 'tannerwatmough@gmail.com', 'Invest (Wealth Simple)', 9, 'VGRO, VT, VTI, VTSAX, XIC primary. VUN, VFV, VEQT secondary', 0, 0, '2023-09-25', NULL),
(63, 'tannerwatmough@gmail.com', 'Check Credit Score', 9, '', 0, 0, '2023-09-25', NULL);

CREATE TABLE seasonalTask ( 
    seasonalId int NOT NULL AUTO_INCREMENT,
    email varchar(50) NOT NULL,
    name varchar (50) NOT NULL,
    category int NOT NULL, 
    info varchar (255) NULL,
    currStreak int NOT NULL,
    maxStreak int NOT NULL, 
    startDate datetime NOT NULL,
    lastDate datetime NULL,
    PRIMARY KEY (seasonalId),
    FOREIGN KEY (email) REFERENCES users(email),
    FOREIGN KEY (category) REFERENCES categories(categoryId)
);

-- 0 = Evergreen 1 = Spring 2 = Summer  3 = Fall 4 = Winter --
INSERT INTO seasonalTask VALUES
(1, 'tannerwatmough@gmail.com', 'Apply Boos to Cutting Boards', 16, 'Boos Block Board Cream', 0, 0, '2023-09-25', NULL),
(2, 'tannerwatmough@gmail.com', 'Test Garage Auto-Reverse', 16, '', 0, 0, '2023-09-25', NULL),
(3, 'tannerwatmough@gmail.com', 'Inspect Roof for Damages', 16, '', 0, 0, '2023-09-25', NULL),
(4,  'tannerwatmough@gmail.com', 'Furnace Filter Check', 16, '', 0, 0, '2023-09-25', NULL),
(5,  'tannerwatmough@gmail.com', 'Dust Books', 16, '', 0, 0, '2023-09-25', NULL),
(6,  'tannerwatmough@gmail.com', 'Clean Inside Cabinets', 16, 'And organize.', 0, 0, '2023-09-25', NULL),
(7,  'tannerwatmough@gmail.com', 'Clean Inlet Filters', 16, 'For the Washing Machine', 0, 0, '2023-09-25', NULL),
(8,  'tannerwatmough@gmail.com', 'Check Water Softener', 16, 'Add salt if needed.', 0, 0, '2023-09-25', NULL),
(9,  'tannerwatmough@gmail.com', 'Check Cables and Plugs', 16, 'Look for damage/frays.', 0, 0, '2023-09-25', NULL),
(10, 'tannerwatmough@gmail.com', 'Launder Bedding', 16, 'Blankets and pillows', 0, 0, '2023-09-25', NULL),
(11, 'tannerwatmough@gmail.com', 'Run Sinks and Toilets', 16, 'Specifically in unused spaces', 0, 0, '2023-09-25', NULL),
(12, 'tannerwatmough@gmail.com', 'Pay Insurance', 12, '', 0, 0, '2023-09-25', NULL),
(13, 'tannerwatmough@gmail.com', 'Check Water Heater', 12, 'Flush, test release valve, check for leaks', 0, 0, '2023-09-25', NULL),
(14, 'tannerwatmough@gmail.com', 'Clean Gutters', 12, 'And downspouts', 0, 0, '2023-09-25', NULL),
(15, 'tannerwatmough@gmail.com', 'Inspect and Service AC Unit', 12, 'Including changing filter', 0, 0, '2023-09-25', NULL),
(16, 'tannerwatmough@gmail.com', 'Repair Window Screens', 12, 'Replace any damaged ones beyond repair', 0, 0, '2023-09-25', NULL),
(17, 'tannerwatmough@gmail.com', 'Clear Plants', 12, 'Clear dead plants away from house', 0, 0, '2023-09-25', NULL),
(18, 'tannerwatmough@gmail.com', 'Check for Exterior Damage', 12, '', 0, 0, '2023-09-25', NULL),
(19, 'tannerwatmough@gmail.com', 'Deep Clean Fridge', 12, '', 0, 0, '2023-09-25', NULL),
(20, 'tannerwatmough@gmail.com', 'Check Washer Fluid', 12, 'Change to bug fluid.', 0, 0, '2023-09-25', NULL),
(21, 'tannerwatmough@gmail.com', 'Wax Car', 12, '', 0, 0, '2023-09-25', NULL),
(22, 'tannerwatmough@gmail.com', 'Buff Headlights', 12, '', 0, 0, '2023-09-25', NULL),
(23, 'tannerwatmough@gmail.com', 'Fuel Injector Cleaner', 12, '', 0, 0, '2023-09-25', NULL),
(24, 'tannerwatmough@gmail.com', 'Oil Change', 12, '', 0, 0, '2023-09-25', NULL),
(25, 'tannerwatmough@gmail.com', 'Check Power Steering Fluid', 12, '', 0, 0, '2023-09-25', NULL),
(26, 'tannerwatmough@gmail.com', 'Deep Clean House', 12, '', 0, 0, '2023-09-25', NULL),
(27, 'tannerwatmough@gmail.com', 'Vacuum Refrigerator Coils', 16, 'And clean drip trays.', 0, 0, '2023-09-25', NULL),
(28, 'tannerwatmough@gmail.com', 'Vacuum Mattress', 16, 'Carpet clean and rotate.', 0, 0, '2023-09-25', NULL),
(29, 'tannerwatmough@gmail.com', 'Fireplace Maintenance', 16, 'If applicable', 0, 0, '2023-09-25', NULL),
(30, 'tannerwatmough@gmail.com', 'Check Trees', 12, 'Risk of dying, widow makers, near power lines, structures etc.', 0, 0, '2023-09-25', NULL),
(31, 'tannerwatmough@gmail.com', 'Clean Walls', 12, 'Those not cleaned monthly', 0, 0, '2023-09-25', NULL),
(32, 'tannerwatmough@gmail.com', 'Clean Screens', 12, 'Door and windows', 0, 0, '2023-09-25', NULL),
(33, 'tannerwatmough@gmail.com', 'Wash House', 12, 'Siding. If using detergent, protect plants', 0, 0, '2023-09-25', NULL),
(34, 'tannerwatmough@gmail.com', 'Polish Wood Furniture', 12, '', 0, 0, '2023-09-25', NULL),
(35, 'tannerwatmough@gmail.com', 'Inspect Caulking', 15, 'Sinks, showers, toilets. Repair.', 0, 0, '2023-09-25', NULL),
(36, 'tannerwatmough@gmail.com', 'Switch Toothbrush Head', 16, '', 0, 0, '2023-09-25', NULL),
(37, 'tannerwatmough@gmail.com', 'Check Washer Hose', 16, 'See if there is lint. Vacuum if so.', 0, 0, '2023-09-25', NULL),
(38, 'tannerwatmough@gmail.com', 'Service Lawn Mower', 12, 'Add fuel and sharpen blades. Set mower to highest setting', 0, 0, '2023-09-25', NULL),
(39, 'tannerwatmough@gmail.com', 'Garden', 12, 'Plant perennials, mulch beds.', 0, 0, '2023-09-25', NULL),
(40, 'tannerwatmough@gmail.com', 'Mow leaves', 12, '', 0, 0, '2023-09-25', NULL),
(41, 'tannerwatmough@gmail.com', 'Check Detectors', 12, 'Carbon monoxide and smoke, test, replace batteries', 0, 0, '2023-09-25', NULL),
(42, 'tannerwatmough@gmail.com', 'Deck Repairs', 12, 'Sweep, inspect, clean under, wet, clean, scrub, treat with borate, stain, then seal.', 0, 0, '2023-09-25', NULL),
(43, 'tannerwatmough@gmail.com', 'Turn Outdoor Water On', 12, 'Check for leaks. Remove insulation.', 0, 0, '2023-09-25', NULL),
(44, 'tannerwatmough@gmail.com', 'Carpet Clean', 12, 'Rugs, curtains, carpet.', 0, 0, '2023-09-25', NULL),
(45, 'tannerwatmough@gmail.com', 'Check Water Heater', 14, 'Flush, test release valve, check for leaks', 0, 0, '2023-09-25', NULL),
(46, 'tannerwatmough@gmail.com', 'Wash House', 14, 'Siding. If using detergent, protect plants', 0, 0, '2023-09-25', NULL),
(47, 'tannerwatmough@gmail.com', 'Dentist Appointment', 15, '', 0, 0, '2023-09-25', NULL),
(48, 'tannerwatmough@gmail.com', 'Doctor Appointment', 15, '', 0, 0, '2023-09-25', NULL),
(49, 'tannerwatmough@gmail.com', 'Eye Doctor Appointment', 15, '', 0, 0, '2023-09-25', NULL),
(50, 'tannerwatmough@gmail.com', 'Register Car', 15, '', 0, 0, '2023-09-25', NULL),
(51, 'tannerwatmough@gmail.com', 'Set Yearly Goals', 15, '', 0, 0, '2023-09-25', NULL),
(52, 'tannerwatmough@gmail.com', 'Cover AC Unit', 14, '', 0, 0, '2023-09-25', NULL),
(53, 'tannerwatmough@gmail.com', 'Check for Ice Dams', 15, '', 0, 0, '2023-09-25', NULL),
(54, 'tannerwatmough@gmail.com', 'Check Deadbolts and Window Locks', 15, '', 0, 0, '2023-09-25', NULL),
(55, 'tannerwatmough@gmail.com', 'Test Electrical and GFCI Outlets', 15, '', 0, 0, '2023-09-25', NULL),
(56, 'tannerwatmough@gmail.com', 'Clean Tiles', 15, 'Re-grout as needed', 0, 0, '2023-09-25', NULL),
(57, 'tannerwatmough@gmail.com', 'Deep Clean Closet', 15, '', 0, 0, '2023-09-25', NULL),
(58, 'tannerwatmough@gmail.com', 'Check Basement', 15, 'Cracks, mold, leaks, etc.', 0, 0, '2023-09-25', NULL),
(59, 'tannerwatmough@gmail.com', 'Check Drains', 15, 'Sinks, tubs, dishwasher, washer', 0, 0, '2023-09-25', NULL),
(60, 'tannerwatmough@gmail.com', 'Vacuum Bathroom Fan', 15, '', 0, 0, '2023-09-25', NULL),
(61, 'tannerwatmough@gmail.com', 'Set Vacation Temp', 15, 'Min. of 13 C', 0, 0, '2023-09-25', NULL),
(62, 'tannerwatmough@gmail.com', 'Tighten Knobs, Handles, and Racks', 15, '', 0, 0, '2023-09-25', NULL),
(63, 'tannerwatmough@gmail.com', 'Touch Up Exterior Paint', 12, '', 0, 0, '2023-09-25', NULL),
(64, 'tannerwatmough@gmail.com', 'Wash Windows', 12, 'Inside and out.', 0, 0, '2023-09-25', NULL),
(65, 'tannerwatmough@gmail.com', 'Sharpen Knives', 12, '', 0, 0, '2023-09-25', NULL),
(66, 'tannerwatmough@gmail.com', 'File Taxes', 12, '', 0, 0, '2023-09-25', NULL),
(67, 'tannerwatmough@gmail.com', 'Service Central Air', 12, 'Heat and AC. HVAC Tech.', 0, 0, '2023-09-25', NULL),
(68, 'tannerwatmough@gmail.com', 'Repair Caulking/Weather Stripping', 12, 'Replace as needed around windows, doors, and machines.', 0, 0, '2023-09-25', NULL),
(69, 'tannerwatmough@gmail.com', 'Replace Air Purifier Filter', 12, '', 0, 0, '2023-09-25', NULL),
(70, 'tannerwatmough@gmail.com', 'Check Sump Pump', 12, '', 0, 0, '2023-09-25', NULL),
(71, 'tannerwatmough@gmail.com', 'Check for Water Damage', 12, 'All plumbing, ceiling water stains, faucets for drip, running toilets.', 0, 0, '2023-09-25', NULL),
(72, 'tannerwatmough@gmail.com', 'Adjust Clutch', 13, '', 0, 0, '2023-09-25', NULL),
(73, 'tannerwatmough@gmail.com', 'Clean Tiles', 13, 'Apply grout cleaner. Inspect grout. Seal tile grout.', 0, 0, '2023-09-25', NULL),
(74, 'tannerwatmough@gmail.com', 'Back-flush Radiator', 13, '', 0, 0, '2023-09-25', NULL),
(75, 'tannerwatmough@gmail.com', 'Check Battery Connections', 13, '', 0, 0, '2023-09-25', NULL),
(76, 'tannerwatmough@gmail.com', 'Check Brake Fluid', 13, '', 0, 0, '2023-09-25', NULL),
(77, 'tannerwatmough@gmail.com', 'Check Coolant Strength', 13, '', 0, 0, '2023-09-25', NULL),
(78, 'tannerwatmough@gmail.com', 'Inspect Brakes', 13, '', 0, 0, '2023-09-25', NULL),
(79, 'tannerwatmough@gmail.com', 'Inspect Belts', 13, '', 0, 0, '2023-09-25', NULL),
(80, 'tannerwatmough@gmail.com', 'Rotate Tires', 13, '', 0, 0, '2023-09-25', NULL),
(81, 'tannerwatmough@gmail.com', 'Replace Cabin Air Filters', 13, '', 0, 0, '2023-09-25', NULL),
(82, 'tannerwatmough@gmail.com', 'Inspect Hoses and Clamps', 13, 'For car.', 0, 0, '2023-09-25', NULL),
(83, 'tannerwatmough@gmail.com', 'Check Transmission Fluid', 13, '', 0, 0, '2023-09-25', NULL),
(84, 'tannerwatmough@gmail.com', 'Check Dishwasher', 13, 'Any leaks?', 0, 0, '2023-09-25', NULL),
(85, 'tannerwatmough@gmail.com', 'Paint Fence', 13, '', 0, 0, '2023-09-25', NULL),
(86, 'tannerwatmough@gmail.com', 'Clean Kitchen Exhaust Fan', 13, '', 0, 0, '2023-09-25', NULL),
(87, 'tannerwatmough@gmail.com', 'Clean Window Wells', 13, '', 0, 0, '2023-09-25', NULL),
(88, 'tannerwatmough@gmail.com', 'Deep Clean Garage', 13, '', 0, 0, '2023-09-25', NULL),
(89, 'tannerwatmough@gmail.com', 'Deep Clean Wardrobe', 13, 'Minimize as needed.', 0, 0, '2023-09-25', NULL),
(90, 'tannerwatmough@gmail.com', 'Prune Plants', 13, '', 0, 0, '2023-09-25', NULL),
(91, 'tannerwatmough@gmail.com', 'Check Plumbing', 13, 'Replace faucets, shower heads, aerators, seals, etc. as needed. Check everywhere around plumbing for leaks.', 0, 0, '2023-09-25', NULL),
(92, 'tannerwatmough@gmail.com', 'Garage Door Service', 13, 'Oil opener, chain, door, hinges. Or call.', 0, 0, '2023-09-25', NULL),
(93, 'tannerwatmough@gmail.com', 'Emergency Kit', 16, 'Restock and check kit.', 0, 0, '2023-09-25', NULL),
(94, 'tannerwatmough@gmail.com', 'Emergency Plan', 13, 'Go over and update with family.', 0, 0, '2023-09-25', NULL),
(95, 'tannerwatmough@gmail.com', 'Flu Shot', 14, '', 0, 0, '2023-09-25', NULL),
(96, 'tannerwatmough@gmail.com', 'Test Sump Pump', 14, '', 0, 0, '2023-09-25', NULL),
(97, 'tannerwatmough@gmail.com', 'Sharpen Knives', 14, '', 0, 0, '2023-09-25', NULL),
(98, 'tannerwatmough@gmail.com', 'Wax Car', 14, '', 0, 0, '2023-09-25', NULL),
(99, 'tannerwatmough@gmail.com', 'Clean Gutters', 14, '', 0, 0, '2023-09-25', NULL),
(100, 'tannerwatmough@gmail.com', 'Mow Leaves', 14, '', 0, 0, '2023-09-25', NULL),
(101, 'tannerwatmough@gmail.com', 'Oil Change', 14, '', 0, 0, '2023-09-25', NULL),
(102, 'tannerwatmough@gmail.com', 'Add Fuel Injector Cleaner', 14, '', 0, 0, '2023-09-25', NULL),
(103, 'tannerwatmough@gmail.com', 'Buff Headlights', 14, '', 0, 0, '2023-09-25', NULL),
(104, 'tannerwatmough@gmail.com', 'Change Washer Fluid', 14, '', 0, 0, '2023-09-25', NULL),
(105, 'tannerwatmough@gmail.com', 'Power Steering Fluid', 14, '', 0, 0, '2023-09-25', NULL),
(106, 'tannerwatmough@gmail.com', 'Reseal Driveway Cracks', 14, '', 0, 0, '2023-09-25', NULL),
(107, 'tannerwatmough@gmail.com', 'Clean Carpets', 14, '', 0, 0, '2023-09-25', NULL),
(108, 'tannerwatmough@gmail.com', 'Winterize Exterior Plumbing', 14, 'Drain hoses, sprinklers, turn off outdoor water. Flush as needed.', 0, 0, '2023-09-25', NULL),
(109, 'tannerwatmough@gmail.com', 'Deep Clean Fridge', 14, '', 0, 0, '2023-09-25', NULL),
(110, 'tannerwatmough@gmail.com', 'Clean Wood Furniture', 14, 'And polish.', 0, 0, '2023-09-25', NULL),
(111, 'tannerwatmough@gmail.com', 'Rinse Off AC Condenser', 13, '', 0, 0, '2023-09-25', NULL),
(112, 'tannerwatmough@gmail.com', 'Clean Windows', 14, 'Vacuum screens, wash inside and out, door screens, check caulk and weather stripping and repair if needed, seal cracks, swap for more efficient windows if needed.', 0, 0, '2023-09-25', NULL),
(113, 'tannerwatmough@gmail.com', 'Winterize AC.', 14, 'Cover as needed.', 0, 0, '2023-09-25', NULL),
(114, 'tannerwatmough@gmail.com', 'Insulate Outdoor Plumbing', 14, '', 0, 0, '2023-09-25', NULL),
(115, 'tannerwatmough@gmail.com', 'HVAC Inspection', 14, 'Specifically furnace, possible cleaning.', 0, 0, '2023-09-25', NULL),
(116, 'tannerwatmough@gmail.com', 'Deep Clean House', 14, '', 0, 0, '2023-09-25', NULL),
(117, 'tannerwatmough@gmail.com', 'Clean Walls', 14, 'Walls not cleaned monthly.', 0, 0, '2023-09-25', NULL),
(118, 'tannerwatmough@gmail.com', 'Check Siding', 14, 'Repair and replace as needed.', 0, 0, '2023-09-25', NULL),
(119, 'tannerwatmough@gmail.com', 'Check Thermostat', 14, 'Check for accuracy. Replace batteries if needed.', 0, 0, '2023-09-25', NULL),
(120, 'tannerwatmough@gmail.com', 'Carpet Clean', 14, 'Rugs, furniture, curtains, carpet.', 0, 0, '2023-09-25', NULL),
(121, 'tannerwatmough@gmail.com', 'Inspect Doors', 14, 'Ensure hardware installed, fix loose locks and squeaky handles.', 0, 0, '2023-09-25', NULL),
(122, 'tannerwatmough@gmail.com', 'Switch Air Filter', 14, 'For Air Purifier', 0, 0, '2023-09-25', NULL),
(123, 'tannerwatmough@gmail.com', 'Touch Up Siding and Trim', 14, 'With paint as needed.', 0, 0, '2023-09-25', NULL),
(124, 'tannerwatmough@gmail.com', 'Tune Up Home Appliances', 14, '', 0, 0, '2023-09-25', NULL),
(125, 'tannerwatmough@gmail.com', 'Prepare for Winter', 14, 'Get out shovels and ice salt.', 0, 0, '2023-09-25', NULL),
(126, 'tannerwatmough@gmail.com', 'Check for Drafts', 14, 'Make sure vents are not covered and furnace is inspected.', 0, 0, '2023-09-25', NULL),
(127, 'tannerwatmough@gmail.com', 'Check Service Manual', 13, 'Check car service manual, then service car', 0, 0, '2023-09-25', NULL);

CREATE TABLE tasks (
    taskId int NOT NULL AUTO_INCREMENT,
    email varchar(50) NOT NULL,
    name varchar (50) NOT NULL,
    category int NOT NULL, 
    info varchar (255) NULL,
    priority int NOT NULL,
    dueDate datetime NULL,
    PRIMARY KEY (taskId),
    FOREIGN KEY (email) REFERENCES users(email),
    FOREIGN KEY (category) REFERENCES categories(categoryId)
);

CREATE TABLE goals (
    goalId int NOT NULL AUTO_INCREMENT,
    email varchar (50) NOT NULL,
    name varchar (50) NOT NULL,
    category int NOT NULL, 
    info varchar (255) NULL, 
    priority int NULL,
    dueDate datetime NULL,
    PRIMARY KEY (goalId),
    FOREIGN KEY (email) REFERENCES users(email),
    FOREIGN KEY (category) REFERENCES categories(categoryId)
);

CREATE TABLE books (
    bookId int NOT NULL AUTO_INCREMENT,
    email varchar(50) NOT NULL,
    name varchar (50) NOT NULL,
    author varchar (50) NOT NULL,
    genre varchar (50) NOT NULL,
    platform varchar (50) NOT NULL,
    priority BOOLEAN,
    completedDate datetime NULL,
    summary text NULL,
    PRIMARY KEY (bookId),
    FOREIGN KEY (email) REFERENCES users(email)
);

CREATE TABLE games (
    gameId int NOT NULL AUTO_INCREMENT,
    email varchar(50) NOT NULL,
    name varchar (50) NOT NULL,
    platform varchar (20) NOT NULL,
    length varchar (20) NOT NULL,
    completedDate datetime NULL,
    url varchar(50) NULL,
    notes varchar(255) NULL,
    PRIMARY KEY (gameId),
    FOREIGN KEY (email) REFERENCES users(email)
);

CREATE TABLE courses (
    courseId int NOT NULL AUTO_INCREMENT,
    email varchar(50) NOT NULL,
    name varchar (50),
    area varchar (50),
    url varchar(50),
    completedDate datetime NULL,
    -- Intended to be URL to link to page with notes --
    notes varchar(50) NULL,
    PRIMARY KEY (courseId),
    FOREIGN KEY (email) REFERENCES users(email)
);

CREATE TABLE movies (
    movieId int NOT NULL AUTO_INCREMENT,
    email varchar(50) NOT NULL,
    name varchar (50),
    year int NOT NULL,
    completedDate datetime NULL,
    rating int NULL,
    summary text NULL,
    PRIMARY KEY (movieId),
    FOREIGN KEY (email) REFERENCES users(email)
);

-- Create program admin var named lm_admin
GRANT SELECT, INSERT, UPDATE, DELETE
ON *
TO lm_admin@localhost
IDENTIFIED BY 'pa55word';